header, sequence, molecular_weight, Bjellqvist, DTASelect, Dawson, EMBOSS, Grimsley, IPC_peptide, IPC_protein, Lehninger, Nozaki, Patrickios, ProMoST, Rodwell, Sillero, Solomon, Thurlkill, Toseland, Wikipedia, Avg_pI
>sp|P0C6U8|R1A_CVHSA Replicase polyprotein 1a OS=Human SARS coronavirus GN=1a PE=1 SV=1,MESLVLGVNEKTHVQLSLPVLQVRDVLVRGFGDSVEEALSEAREHLKNGTCGLVELEKGVLPQLEQPYVFIKRSDALSTNHGHKVVELVAEMDGIQYGRSGITLGVLVPHVGETPIAYRNVLLRKNGNKGAGGHSYGIDLKSYDLGDELGTDPIEDYEQNWNTKHGSGALRELTRELNGGAVTRYVDNNFCGPDGYPLDCIKDFLARAGKSMCTLSEQLDYIESKRGVYCCRDHEHEIAWFTERSDKSYEHQTPFEIKSAKKFDTFKGECPKFVFPLNSKVKVIQPRVEKKKTEGFMGRIRSVYPVASPQECNNMHLSTLMKCNHCDEVSWQTCDFLKATCEHCGTENLVIEGPTTCGYLPTNAVVKMPCPACQDPEIGPEHSVADYHNHSNIETRLRKGGRTRCFGGCVFAYVGCYNKRAYWVPRASADIGSGHTGITGDNVETLNEDLLEILSRERVNINIVGDFHLNEEVAIILASFSASTSAFIDTIKSLDYKSFKTIVESCGNYKVTKGKPVKGAWNIGQQRSVLTPLCGFPSQAAGVIRSIFARTLDAANHSIPDLQRAAVTILDGISEQSLRLVDAMVYTSDLLTNSVIIMAYVTGGLVQQTSQWLSNLLGTTVEKLRPIFEWIEAKLSAGVEFLKDAWEILKFLITGVFDIVKGQIQVASDNIKDCVKCFIDVVNKALEMCIDQVTIAGAKLRSLNLGEVFIAQSKGLYRQCIRGKEQLQLLMPLKAPKEVTFLEGDSHDTVLTSEEVVLKNGELEALETPVDSFTNGAIVGTPVCVNGLMLLEIKDKEQYCALSPGLLATNNVFRLKGGAPIKGVTFGEDTVWEVQGYKNVRITFELDERVDKVLNEKCSVYTVESGTEVTEFACVVAEAVVKTLQPVSDLLTNMGIDLDEWSVATFYLFDDAGEENFSSRMYCSFYPPDEEEEDDAECEEEEIDETCEHEYGTEDDYQGLPLEFGASAETVRVEEEEEEDWLDDTTEQSEIEPEPEPTPEEPVNQFTGYLKLTDNVAIKCVDIVKEAQSANPMVIVNAANIHLKHGGGVAGALNKATNGAMQKESDDYIKLNGPLTVGGSCLLSGHNLAKKCLHVVGPNLNAGEDIQLLKAAYENFNSQDILLAPLLSAGIFGAKPLQSLQVCVQTVRTQVYIAVNDKALYEQVVMDYLDNLKPRVEAPKQEEPPNTEDSKTEEKSVVQKPVDVKPKIKACIDEVTTTLEETKFLTNKLLLFADINGKLYHDSQNMLRGEDMSFLEKDAPYMVGDVITSGDITCVVIPSKKAGGTTEMLSRALKKVPVDEYITTYPGQGCAGYTLEEAKTALKKCKSAFYVLPSEAPNAKEEILGTVSWNLREMLAHAEETRKLMPICMDVRAIMATIQRKYKGIKIQEGIVDYGVRFFFYTSKEPVASIITKLNSLNEPLVTMPIGYVTHGFNLEEAARCMRSLKAPAVVSVSSPDAVTTYNGYLTSSSKTSEEHFVETVSLAGSYRDWSYSGQRTELGVEFLKRGDKIVYHTLESPVEFHLDGEVLSLDKLKSLLSLREVKTIKVFTTVDNTNLHTQLVDMSMTYGQQFGPTYLDGADVTKIKPHVNHEGKTFFVLPSDDTLRSEAFEYYHTLDESFLGRYMSALNHTKKWKFPQVGGLTSIKWADNNCYLSSVLLALQQLEVKFNAPALQEAYYRARAGDAANFCALILAYSNKTVGELGDVRETMTHLLQHANLESAKRVLNVVCKHCGQKTTTLTGVEAVMYMGTLSYDNLKTGVSIPCVCGRDATQYLVQQESSFVMMSAPPAEYKLQQGTFLCANEYTGNYQCGHYTHITAKETLYRIDGAHLTKMSEYKGPVTDVFYKETSYTTTIKPVSYKLDGVTYTEIEPKLDGYYKKDNAYYTEQPIDLVPTQPLPNASFDNFKLTCSNTKFADDLNQMTGFTKPASRELSVTFFPDLNGDVVAIDYRHYSASFKKGAKLLHKPIVWHINQATTKTTFKPNTWCLRCLWSTKPVDTSNSFEVLAVEDTQGMDNLACESQQPTSEEVVENPTIQKEVIECDVKTTEVVGNVILKPSDEGVKVTQELGHEDLMAAYVENTSITIKKPNELSLALGLKTIATHGIAAINSVPWSKILAYVKPFLGQAAITTSNCAKRLAQRVFNNYMPYVFTLLFQLCTFTKSTNSRIRASLPTTIAKNSVKSVAKLCLDAGINYVKSPKFSKLFTIAMWLLLLSICLGSLICVTAAFGVLLSNFGAPSYCNGVRELYLNSSNVTTMDFCEGSFPCSICLSGLDSLDSYPALETIQVTISSYKLDLTILGLAAEWVLAYMLFTKFFYLLGLSAIMQVFFGYFASHFISNSWLMWFIISIVQMAPVSAMVRMYIFFASFYYIWKSYVHIMDGCTSSTCMMCYKRNRATRVECTTIVNGMKRSFYVYANGGRGFCKTHNWNCLNCDTFCTGSTFISDEVARDLSLQFKRPINPTDQSSYIVDSVAVKNGALHLYFDKAGQKTYERHPLSHFVNLDNLRANNTKGSLPINVIVFDGKSKCDESASKSASVYYSQLMCQPILLLDQALVSDVGDSTEVSVKMFDAYVDTFSATFSVPMEKLKALVATAHSELAKGVALDGVLSTFVSAARQGVVDTDVDTKDVIECLKLSHHSDLEVTGDSCNNFMLTYNKVENMTPRDLGACIDCNARHINAQVAKSHNVSLIWNVKDYMSLSEQLRKQIRSAAKKNNIPFRLTCATTRQVVNVITTKISLKGGKIVSTCFKLMLKATLLCVLAALVCYIVMPVHTLSIHDGYTNEIIGYKAIQDGVTRDIISTDDCFANKHAGFDAWFSQRGGSYKNDKSCPVVAAIITREIGFIVPGLPGTVLRAINGDFLHFLPRVFSAVGNICYTPSKLIEYSDFATSACVLAAECTIFKDAMGKPVPYCYDTNLLEGSISYSELRPDTRYVLMDGSIIQFPNTYLEGSVRVVTTFDAEYCRHGTCERSEVGICLSTSGRWVLNNEHYRALSGVFCGVDAMNLIANIFTPLVQPVGALDVSASVVAGGIIAILVTCAAYYFMKFRRVFGEYNHVVAANALLFLMSFTILCLVPAYSFLPGVYSVFYLYLTFYFTNDVSFLAHLQWFAMFSPIVPFWITAIYVFCISLKHCHWFFNNYLRKRVMFNGVTFSTFEEAALCTFLLNKEMYLKLRSETLLPLTQYNRYLALYNKYKYFSGALDTTSYREAACCHLAKALNDFSNSGADVLYQPPQTSITSAVLQSGFRKMAFPSGKVEGCMVQVTCGTTTLNGLWLDDTVYCPRHVICTAEDMLNPNYEDLLIRKSNHSFLVQAGNVQLRVIGHSMQNCLLRLKVDTSNPKTPKYKFVRIQPGQTFSVLACYNGSPSGVYQCAMRPNHTIKGSFLNGSCGSVGFNIDYDCVSFCYMHHMELPTGVHAGTDLEGKFYGPFVDRQTAQAAGTDTTITLNVLAWLYAAVINGDRWFLNRFTTTLNDFNLVAMKYNYEPLTQDHVDILGPLSAQTGIAVLDMCAALKELLQNGMNGRTILGSTILEDEFTPFDVVRQCSGVTFQGKFKKIVKGTHHWMLLTFLTSLLILVQSTQWSLFFFVYENAFLPFTLGIMAIAACAMLLVKHKHAFLCLFLLPSLATVAYFNMVYMPASWVMRIMTWLELADTSLSGYRLKDCVMYASALVLLILMTARTVYDDAARRVWTLMNVITLVYKVYYGNALDQAISMWALVISVTSNYSGVVTTIMFLARAIVFVCVEYYPLLFITGNTLQCIMLVYCFLGYCCCCYFGLFCLLNRYFRLTLGVYDYLVSTQEFRYMNSQGLLPPKSSIDAFKLNIKLLGIGGKPCIKVATVQSKMSDVKCTSVVLLSVLQQLRVESSSKLWAQCVQLHNDILLAKDTTEAFEKMVSLLSVLLSMQGAVDINRLCEEMLDNRATLQAIASEFSSLPSYAAYATAQEAYEQAVANGDSEVVLKKLKKSLNVAKSEFDRDAAMQRKLEKMADQAMTQMYKQARSEDKRAKVTSAMQTMLFTMLRKLDNDALNNIINNARDGCVPLNIIPLTTAAKLMVVVPDYGTYKNTCDGNTFTYASALWEIQQVVDADSKIVQLSEINMDNSPNLAWPLIVTALRANSAVKLQNNELSPVALRQMSCAAGTTQTACTDDNALAYYNNSKGGRFVLALLSDHQDLKWARFPKSDGTGTIYTELEPPCRFVTDTPKGPKVKYLYFIKGLNNLNRGMVLGSLAATVRLQAGNATEVPANSTVLSFCAFAVDPAKAYKDYLASGGQPITNCVKMLCTHTGTGQAITVTPEANMDQESFGGASCCLYCRCHIDHPNPKGFCDLKGKYVQIPTTCANDPVGFTLRNTVCTVCGMWKGYGCSCDQLREPLMQSADASTFLNGFAV,486372.73,5.919, 6.313, 5.881, 6.249, 5.957, 5.893, 5.652, 5.868, 6.135, 3.503, 5.97, 5.855, 6.224, 5.881, 6.287, 5.881, 5.868, 5.989
>sp|P0C6X7|R1AB_CVHSA Replicase polyprotein 1ab OS=Human SARS coronavirus GN=rep PE=1 SV=1,MESLVLGVNEKTHVQLSLPVLQVRDVLVRGFGDSVEEALSEAREHLKNGTCGLVELEKGVLPQLEQPYVFIKRSDALSTNHGHKVVELVAEMDGIQYGRSGITLGVLVPHVGETPIAYRNVLLRKNGNKGAGGHSYGIDLKSYDLGDELGTDPIEDYEQNWNTKHGSGALRELTRELNGGAVTRYVDNNFCGPDGYPLDCIKDFLARAGKSMCTLSEQLDYIESKRGVYCCRDHEHEIAWFTERSDKSYEHQTPFEIKSAKKFDTFKGECPKFVFPLNSKVKVIQPRVEKKKTEGFMGRIRSVYPVASPQECNNMHLSTLMKCNHCDEVSWQTCDFLKATCEHCGTENLVIEGPTTCGYLPTNAVVKMPCPACQDPEIGPEHSVADYHNHSNIETRLRKGGRTRCFGGCVFAYVGCYNKRAYWVPRASADIGSGHTGITGDNVETLNEDLLEILSRERVNINIVGDFHLNEEVAIILASFSASTSAFIDTIKSLDYKSFKTIVESCGNYKVTKGKPVKGAWNIGQQRSVLTPLCGFPSQAAGVIRSIFARTLDAANHSIPDLQRAAVTILDGISEQSLRLVDAMVYTSDLLTNSVIIMAYVTGGLVQQTSQWLSNLLGTTVEKLRPIFEWIEAKLSAGVEFLKDAWEILKFLITGVFDIVKGQIQVASDNIKDCVKCFIDVVNKALEMCIDQVTIAGAKLRSLNLGEVFIAQSKGLYRQCIRGKEQLQLLMPLKAPKEVTFLEGDSHDTVLTSEEVVLKNGELEALETPVDSFTNGAIVGTPVCVNGLMLLEIKDKEQYCALSPGLLATNNVFRLKGGAPIKGVTFGEDTVWEVQGYKNVRITFELDERVDKVLNEKCSVYTVESGTEVTEFACVVAEAVVKTLQPVSDLLTNMGIDLDEWSVATFYLFDDAGEENFSSRMYCSFYPPDEEEEDDAECEEEEIDETCEHEYGTEDDYQGLPLEFGASAETVRVEEEEEEDWLDDTTEQSEIEPEPEPTPEEPVNQFTGYLKLTDNVAIKCVDIVKEAQSANPMVIVNAANIHLKHGGGVAGALNKATNGAMQKESDDYIKLNGPLTVGGSCLLSGHNLAKKCLHVVGPNLNAGEDIQLLKAAYENFNSQDILLAPLLSAGIFGAKPLQSLQVCVQTVRTQVYIAVNDKALYEQVVMDYLDNLKPRVEAPKQEEPPNTEDSKTEEKSVVQKPVDVKPKIKACIDEVTTTLEETKFLTNKLLLFADINGKLYHDSQNMLRGEDMSFLEKDAPYMVGDVITSGDITCVVIPSKKAGGTTEMLSRALKKVPVDEYITTYPGQGCAGYTLEEAKTALKKCKSAFYVLPSEAPNAKEEILGTVSWNLREMLAHAEETRKLMPICMDVRAIMATIQRKYKGIKIQEGIVDYGVRFFFYTSKEPVASIITKLNSLNEPLVTMPIGYVTHGFNLEEAARCMRSLKAPAVVSVSSPDAVTTYNGYLTSSSKTSEEHFVETVSLAGSYRDWSYSGQRTELGVEFLKRGDKIVYHTLESPVEFHLDGEVLSLDKLKSLLSLREVKTIKVFTTVDNTNLHTQLVDMSMTYGQQFGPTYLDGADVTKIKPHVNHEGKTFFVLPSDDTLRSEAFEYYHTLDESFLGRYMSALNHTKKWKFPQVGGLTSIKWADNNCYLSSVLLALQQLEVKFNAPALQEAYYRARAGDAANFCALILAYSNKTVGELGDVRETMTHLLQHANLESAKRVLNVVCKHCGQKTTTLTGVEAVMYMGTLSYDNLKTGVSIPCVCGRDATQYLVQQESSFVMMSAPPAEYKLQQGTFLCANEYTGNYQCGHYTHITAKETLYRIDGAHLTKMSEYKGPVTDVFYKETSYTTTIKPVSYKLDGVTYTEIEPKLDGYYKKDNAYYTEQPIDLVPTQPLPNASFDNFKLTCSNTKFADDLNQMTGFTKPASRELSVTFFPDLNGDVVAIDYRHYSASFKKGAKLLHKPIVWHINQATTKTTFKPNTWCLRCLWSTKPVDTSNSFEVLAVEDTQGMDNLACESQQPTSEEVVENPTIQKEVIECDVKTTEVVGNVILKPSDEGVKVTQELGHEDLMAAYVENTSITIKKPNELSLALGLKTIATHGIAAINSVPWSKILAYVKPFLGQAAITTSNCAKRLAQRVFNNYMPYVFTLLFQLCTFTKSTNSRIRASLPTTIAKNSVKSVAKLCLDAGINYVKSPKFSKLFTIAMWLLLLSICLGSLICVTAAFGVLLSNFGAPSYCNGVRELYLNSSNVTTMDFCEGSFPCSICLSGLDSLDSYPALETIQVTISSYKLDLTILGLAAEWVLAYMLFTKFFYLLGLSAIMQVFFGYFASHFISNSWLMWFIISIVQMAPVSAMVRMYIFFASFYYIWKSYVHIMDGCTSSTCMMCYKRNRATRVECTTIVNGMKRSFYVYANGGRGFCKTHNWNCLNCDTFCTGSTFISDEVARDLSLQFKRPINPTDQSSYIVDSVAVKNGALHLYFDKAGQKTYERHPLSHFVNLDNLRANNTKGSLPINVIVFDGKSKCDESASKSASVYYSQLMCQPILLLDQALVSDVGDSTEVSVKMFDAYVDTFSATFSVPMEKLKALVATAHSELAKGVALDGVLSTFVSAARQGVVDTDVDTKDVIECLKLSHHSDLEVTGDSCNNFMLTYNKVENMTPRDLGACIDCNARHINAQVAKSHNVSLIWNVKDYMSLSEQLRKQIRSAAKKNNIPFRLTCATTRQVVNVITTKISLKGGKIVSTCFKLMLKATLLCVLAALVCYIVMPVHTLSIHDGYTNEIIGYKAIQDGVTRDIISTDDCFANKHAGFDAWFSQRGGSYKNDKSCPVVAAIITREIGFIVPGLPGTVLRAINGDFLHFLPRVFSAVGNICYTPSKLIEYSDFATSACVLAAECTIFKDAMGKPVPYCYDTNLLEGSISYSELRPDTRYVLMDGSIIQFPNTYLEGSVRVVTTFDAEYCRHGTCERSEVGICLSTSGRWVLNNEHYRALSGVFCGVDAMNLIANIFTPLVQPVGALDVSASVVAGGIIAILVTCAAYYFMKFRRVFGEYNHVVAANALLFLMSFTILCLVPAYSFLPGVYSVFYLYLTFYFTNDVSFLAHLQWFAMFSPIVPFWITAIYVFCISLKHCHWFFNNYLRKRVMFNGVTFSTFEEAALCTFLLNKEMYLKLRSETLLPLTQYNRYLALYNKYKYFSGALDTTSYREAACCHLAKALNDFSNSGADVLYQPPQTSITSAVLQSGFRKMAFPSGKVEGCMVQVTCGTTTLNGLWLDDTVYCPRHVICTAEDMLNPNYEDLLIRKSNHSFLVQAGNVQLRVIGHSMQNCLLRLKVDTSNPKTPKYKFVRIQPGQTFSVLACYNGSPSGVYQCAMRPNHTIKGSFLNGSCGSVGFNIDYDCVSFCYMHHMELPTGVHAGTDLEGKFYGPFVDRQTAQAAGTDTTITLNVLAWLYAAVINGDRWFLNRFTTTLNDFNLVAMKYNYEPLTQDHVDILGPLSAQTGIAVLDMCAALKELLQNGMNGRTILGSTILEDEFTPFDVVRQCSGVTFQGKFKKIVKGTHHWMLLTFLTSLLILVQSTQWSLFFFVYENAFLPFTLGIMAIAACAMLLVKHKHAFLCLFLLPSLATVAYFNMVYMPASWVMRIMTWLELADTSLSGYRLKDCVMYASALVLLILMTARTVYDDAARRVWTLMNVITLVYKVYYGNALDQAISMWALVISVTSNYSGVVTTIMFLARAIVFVCVEYYPLLFITGNTLQCIMLVYCFLGYCCCCYFGLFCLLNRYFRLTLGVYDYLVSTQEFRYMNSQGLLPPKSSIDAFKLNIKLLGIGGKPCIKVATVQSKMSDVKCTSVVLLSVLQQLRVESSSKLWAQCVQLHNDILLAKDTTEAFEKMVSLLSVLLSMQGAVDINRLCEEMLDNRATLQAIASEFSSLPSYAAYATAQEAYEQAVANGDSEVVLKKLKKSLNVAKSEFDRDAAMQRKLEKMADQAMTQMYKQARSEDKRAKVTSAMQTMLFTMLRKLDNDALNNIINNARDGCVPLNIIPLTTAAKLMVVVPDYGTYKNTCDGNTFTYASALWEIQQVVDADSKIVQLSEINMDNSPNLAWPLIVTALRANSAVKLQNNELSPVALRQMSCAAGTTQTACTDDNALAYYNNSKGGRFVLALLSDHQDLKWARFPKSDGTGTIYTELEPPCRFVTDTPKGPKVKYLYFIKGLNNLNRGMVLGSLAATVRLQAGNATEVPANSTVLSFCAFAVDPAKAYKDYLASGGQPITNCVKMLCTHTGTGQAITVTPEANMDQESFGGASCCLYCRCHIDHPNPKGFCDLKGKYVQIPTTCANDPVGFTLRNTVCTVCGMWKGYGCSCDQLREPLMQSADASTFLNRVCGVSAARLTPCGTGTSTDVVYRAFDIYNEKVAGFAKFLKTNCCRFQEKDEEGNLLDSYFVVKRHTMSNYQHEETIYNLVKDCPAVAVHDFFKFRVDGDMVPHISRQRLTKYTMADLVYALRHFDEGNCDTLKEILVTYNCCDDDYFNKKDWYDFVENPDILRVYANLGERVRQSLLKTVQFCDAMRDAGIVGVLTLDNQDLNGNWYDFGDFVQVAPGCGVPIVDSYYSLLMPILTLTRALAAESHMDADLAKPLIKWDLLKYDFTEERLCLFDRYFKYWDQTYHPNCINCLDDRCILHCANFNVLFSTVFPPTSFGPLVRKIFVDGVPFVVSTGYHFRELGVVHNQDVNLHSSRLSFKELLVYAADPAMHAASGNLLLDKRTTCFSVAALTNNVAFQTVKPGNFNKDFYDFAVSKGFFKEGSSVELKHFFFAQDGNAAISDYDYYRYNLPTMCDIRQLLFVVEVVDKYFDCYDGGCINANQVIVNNLDKSAGFPFNKWGKARLYYDSMSYEDQDALFAYTKRNVIPTITQMNLKYAISAKNRARTVAGVSICSTMTNRQFHQKLLKSIAATRGATVVIGTSKFYGGWHNMLKTVYSDVETPHLMGWDYPKCDRAMPNMLRIMASLVLARKHNTCCNLSHRFYRLANECAQVLSEMVMCGGSLYVKPGGTSSGDATTAYANSVFNICQAVTANVNALLSTDGNKIADKYVRNLQHRLYECLYRNRDVDHEFVDEFYAYLRKHFSMMILSDDAVVCYNSNYAAQGLVASIKNFKAVLYYQNNVFMSEAKCWTETDLTKGPHEFCSQHTMLVKQGDDYVYLPYPDPSRILGAGCFVDDIVKTDGTLMIERFVSLAIDAYPLTKHPNQEYADVFHLYLQYIRKLHDELTGHMLDMYSVMLTNDNTSRYWEPEFYEAMYTPHTVLQAVGACVLCNSQTSLRCGACIRRPFLCCKCCYDHVISTSHKLVLSVNPYVCNAPGCDVTDVTQLYLGGMSYYCKSHKPPISFPLCANGQVFGLYKNTCVGSDNVTDFNAIATCDWTNAGDYILANTCTERLKLFAAETLKATEETFKLSYGIATVREVLSDRELHLSWEVGKPRPPLNRNYVFTGYRVTKNSKVQIGEYTFEKGDYGDAVVYRGTTTYKLNVGDYFVLTSHTVMPLSAPTLVPQEHYVRITGLYPTLNISDEFSSNVANYQKVGMQKYSTLQGPPGTGKSHFAIGLALYYPSARIVYTACSHAAVDALCEKALKYLPIDKCSRIIPARARVECFDKFKVNSTLEQYVFCTVNALPETTADIVVFDEISMATNYDLSVVNARLRAKHYVYIGDPAQLPAPRTLLTKGTLEPEYFNSVCRLMKTIGPDMFLGTCRRCPAEIVDTVSALVYDNKLKAHKDKSAQCFKMFYKGVITHDVSSAINRPQIGVVREFLTRNPAWRKAVFISPYNSQNAVASKILGLPTQTVDSSQGSEYDYVIFTQTTETAHSCNVNRFNVAITRAKIGILCIMSDRDLYDKLQFTSLEIPRRNVATLQAENVTGLFKDCSKIITGLHPTQAPTHLSVDIKFKTEGLCVDIPGIPKDMTYRRLISMMGFKMNYQVNGYPNMFITREEAIRHVRAWIGFDVEGCHATRDAVGTNLPLQLGFSTGVNLVAVPTGYVDTENNTEFTRVNAKPPPGDQFKHLIPLMYKGLPWNVVRIKIVQMLSDTLKGLSDRVVFVLWAHGFELTSMKYFVKIGPERTCCLCDKRATCFSTSSDTYACWNHSVGFDYVYNPFMIDVQQWGFTGNLQSNHDQHCQVHGNAHVASCDAIMTRCLAVHECFVKRVDWSVEYPIIGDELRVNSACRKVQHMVVKSALLADKFPVLHDIGNPKAIKCVPQAEVEWKFYDAQPCSDKAYKIEELFYSYATHHDKFTDGVCLFWNCNVDRYPANAIVCRFDTRVLSNLNLPGCDGGSLYVNKHAFHTPAFDKSAFTNLKQLPFFYYSDSPCESHGKQVVSDIDYVPLKSATCITRCNLGGAVCRHHANEYRQYLDAYNMMISAGFSLWIYKQFDTYNLWNTFTRLQSLENVAYNVVNKGHFDGHAGEAPVSIINNAVYTKVDGIDVEIFENKTTLPVNVAFELWAKRNIKPVPEIKILNNLGVDIAANTVIWDYKREAPAHVSTIGVCTMTDIAKKPTESACSSLTVLFDGRVEGQVDLFRNARNGVLITEGSVKGLTPSKGPAQASVNGVTLIGESVKTQFNYFKKVDGIIQQLPETYFTQSRDLEDFKPRSQMETDFLELAMDEFIQRYKLEGYAFEHIVYGDFSHGQLGGLHLMIGLAKRSQDSPLKLEDFIPMDSTVKNYFITDAQTGSSKCVCSVIDLLLDDFVEIIKSQDLSVISKVVKVTIDYAEISFMLWCKDGHVETFYPKLQASQAWQPGVAMPNLYKMQRMLLEKCDLQNYGENAVIPKGIMMNVAKYTQLCQYLNTLTLAVPYNMRVIHFGAGSDKGVAPGTAVLRQWLPTGTLLVDSDLNDFVSDADSTLIGDCATVHTANKWDLIISDMYDPRTKHVTKENDSKEGFFTYLCGFIKQKLALGGSIAVKITEHSWNADLYKLMGHFSWWTAFVTNVNASSSEAFLIGANYLGKPKEQIDGYTMHANYIFWRNTNPIQLSSYSLFDMSKFPLKLRGTAVMSLKENQINDMIYSLLEKGRLIIRENNRVVVSSDILVNN,790248.32,6.198, 6.634, 6.173, 6.605, 6.211, 6.186, 5.881, 6.173, 6.465, 3.478, 6.262, 6.16, 6.561, 6.173, 6.649, 6.122, 6.186, 6.29
>sp|P59594|SPIKE_CVHSA Spike glycoprotein OS=Human SARS coronavirus GN=S PE=1 SV=1,MFIFLLFLTLTSGSDLDRCTTFDDVQAPNYTQHTSSMRGVYYPDEIFRSDTLYLTQDLFLPFYSNVTGFHTINHTFGNPVIPFKDGIYFAATEKSNVVRGWVFGSTMNNKSQSVIIINNSTNVVIRACNFELCDNPFFAVSKPMGTQTHTMIFDNAFNCTFEYISDAFSLDVSEKSGNFKHLREFVFKNKDGFLYVYKGYQPIDVVRDLPSGFNTLKPIFKLPLGINITNFRAILTAFSPAQDIWGTSAAAYFVGYLKPTTFMLKYDENGTITDAVDCSQNPLAELKCSVKSFEIDKGIYQTSNFRVVPSGDVVRFPNITNLCPFGEVFNATKFPSVYAWERKKISNCVADYSVLYNSTFFSTFKCYGVSATKLNDLCFSNVYADSFVVKGDDVRQIAPGQTGVIADYNYKLPDDFMGCVLAWNTRNIDATSTGNYNYKYRYLRHGKLRPFERDISNVPFSPDGKPCTPPALNCYWPLNDYGFYTTTGIGYQPYRVVVLSFELLNAPATVCGPKLSTDLIKNQCVNFNFNGLTGTGVLTPSSKRFQPFQQFGRDVSDFTDSVRDPKTSEILDISPCSFGGVSVITPGTNASSEVAVLYQDVNCTDVSTAIHADQLTPAWRIYSTGNNVFQTQAGCLIGAEHVDTSYECDIPIGAGICASYHTVSLLRSTSQKSIVAYTMSLGADSSIAYSNNTIAIPTNFSISITTEVMPVSMAKTSVDCNMYICGDSTECANLLLQYGSFCTQLNRALSGIAAEQDRNTREVFAQVKQMYKTPTLKYFGGFNFSQILPDPLKPTKRSFIEDLLFNKVTLADAGFMKQYGECLGDINARDLICAQKFNGLTVLPPLLTDDMIAAYTAALVSGTATAGWTFGAGAALQIPFAMQMAYRFNGIGVTQNVLYENQKQIANQFNKAISQIQESLTTTSTALGKLQDVVNQNAQALNTLVKQLSSNFGAISSVLNDILSRLDKVEAEVQIDRLITGRLQSLQTYVTQQLIRAAEIRASANLAATKMSECVLGQSKRVDFCGKGYHLMSFPQAAPHGVVFLHVTYVPSQERNFTTAPAICHEGKAYFPREGVFVFNGTSWFITQRNFFSPQIITTDNTFVSGNCDVVIGIINNTVYDPLQPELDSFKEELDKYFKNHTSPDVDLGDISGINASVVNIQKEIDRLNEVAKNLNESLIDLQELGKYEQYIKWPWYVWLGFIAGLIAIVMVTILLCCMTSCCSCLKGACSCGSCCKFDEDDSEPVLKGVKLHYT,139125.14,5.563, 5.855, 5.474, 5.601, 5.397, 5.486, 5.359, 5.448, 5.652, 3.02, 5.601, 5.41, 5.728, 5.474, 5.601, 5.423, 5.423, 5.531
>sp|P59595|NCAP_CVHSA Nucleoprotein OS=Human SARS coronavirus GN=N PE=1 SV=1,MSDNGPQSNQRSAPRITFGGPTDSTDNNQNGGRNGARPKQRRPQGLPNNTASWFTALTQHGKEELRFPRGQGVPINTNSGPDDQIGYYRRATRRVRGGDGKMKELSPRWYFYYLGTGPEASLPYGANKEGIVWVATEGALNTPKDHIGTRNPNNNAATVLQLPQGTTLPKGFYAEGSRGGSQASSRSSSRSRGNSRNSTPGSSRGNSPARMASGGGETALALLLLDRLNQLESKVSGKGQQQQGQTVTKKSAAEASKKPRQKRTATKQYNVTQAFGRRGPEQTQGNFGDQDLIRQGTDYKHWPQIAQFAPSASAFFGMSRIGMEVTPSGTWLTYHGAIKLDDKDPQFKDNVILLNKHIDAYKTFPPTEPKKDKKKKTDEAQPLPQRQKKQPTVTLLPAADMDDFSRQLQNSMSGASADSTQA,46025.03,10.116, 10.116, 10.482, 10.745, 10.54, 10.526, 9.589, 10.496, 10.321, 10.628, 9.94, 10.95, 10.394, 10.526, 10.365, 10.365, 10.628, 10.381
>sp|P59596|VME1_CVHSA Membrane protein OS=Human SARS coronavirus GN=M PE=1 SV=1,MADNGTITVEELKQLLEQWNLVIGFLFLAWIMLLQFAYSNRNRFLYIIKLVFLWLLWPVTLACFVLAAVYRINWVTGGIAIAMACIVGLMWLSYFVASFRLFARTRSMWSFNPETNILLNVPLRGTIVTRPLMESELVIGAVIIRGHLRMAGHSLGRCDIKDLPKEITVATSRTLSYYKLGASQRVGTDSGFAAYNRYRIGNYKLNTDHAGSNDNIALLVQ,25060.52,9.633, 9.589, 9.809, 9.897, 9.926, 9.838, 9.37, 9.809, 9.589, 4.596, 9.414, 9.897, 9.75, 9.853, 9.619, 9.428, 10.058, 9.717
>sp|P59632|AP3A_CVHSA Protein 3a OS=Human SARS coronavirus GN=3a PE=1 SV=1,MDLFMRFFTLGSITAQPVKIDNASPASTVHATATIPLQASLPFGWLVIGVAFLAVFQSATKIIALNKRWQLALYKGFQFICNLLLLFVTIYSHLLLVAAGMEAQFLYLYALIYFLQCINACRIIMRCWLCWKCKSKNPLLYDANYFVCWHTHNYDYCIPYNSVTDTIVVTEGDGISTPKLKEDYQIGGYSEDRHSGVKDYVVVHGYFTEVYYQLESTQITTDTGIENATFFIFNKLVKDPPNVQIHTIDGSSGVANPAMDPIYDEPTTTTSVPL,30902.71,5.753, 6.186, 5.741, 6.135, 5.931, 5.753, 5.486, 5.728, 5.995, 0.553, 5.83, 5.715, 6.084, 5.741, 6.173, 5.817, 5.741, 5.863
>sp|P59633|NS3B_CVHSA Non-structural protein 3b OS=Human SARS coronavirus GN=3b PE=1 SV=1,MMPTTLFAGTHITMTTVYHITVSQIQLSLLKVTAFQHQNSKKTTKLVVILRIGTQVLKTMSLYMAISPKFTTSLSLHKLLQTLVLKMLHSSSLTSLLKTHRMCKYTQSTALQELLIQQWIQFMMSRRRLLACLCKHKKVSTNLCTHSFRKKQVR,17750.44,10.818, 10.818, 11.169, 11.491, 11.199, 11.286, 10.599, 11.242, 11.082, 11.389, 10.891, 11.667, 11.096, 11.272, 11.082, 11.111, 11.33, 11.135
>sp|P59634|NS6_CVHSA Non-structural protein 6 OS=Human SARS coronavirus GN=6 PE=3 SV=1,MFHLVDFQVTIAEILIIIMRTFRIAIWNLDVIISSIVRQLFKPLTKKNYSELDDEEPMELDYP,7526.88,4.647, 4.774, 4.495, 4.406, 4.291, 4.482, 4.533, 4.431, 4.609, 4.126, 4.66, 4.38, 4.647, 4.482, 4.406, 4.38, 4.38, 4.5
>sp|P59635|NS7A_CVHSA Protein 7a OS=Human SARS coronavirus GN=7a PE=1 SV=1,MKIILFLTLIVFTSCELYHYQECVRGTTVLLKEPCPSGTYEGNSPFHPLADNKFALTCTSTHFAFACADGTRHTYQLRARSVSPKLFIRQEEVQQELYSPLFLIVAALVFLILCFTIKRKTE,13941.32,8.244, 8.024, 7.892, 8.126, 6.883, 7.98, 7.249, 8.009, 8.551, 3.554, 7.614, 7.878, 8.419, 7.98, 8.068, 6.854, 7.805, 7.849
>sp|P59636|ORF9B_CVHSA Protein 9b OS=Human SARS coronavirus GN=9b PE=1 SV=1,MDPNQTNVVPPALHLVDPQIQLTITRMEDAMGQGQNSADPKVYPIILRLGSQLSLSMARRNLDSLEARAFQSTPIVVQMTKLATTEELPDEFVVVTAK,10802.45,4.902, 5.041, 4.762, 4.673, 4.571, 4.762, 4.787, 4.711, 4.876, 4.495, 4.914, 4.647, 4.927, 4.749, 4.673, 4.66, 4.647, 4.769
>sp|P59637|VEMP_CVHSA Envelope small membrane protein OS=Human SARS coronavirus GN=E PE=1 SV=1,MYSFVSEETGTLIVNSVLLFLAFVVFLLVTLAILTALRLCAYCCNIVNVSLVKPTVYVYSRVKNLNSSEGVPDLLV,8361.0,6.008, 6.351, 6.249, 6.3, 5.512, 6.326, 5.995, 6.313, 6.224, 0.401, 6.148, 6.198, 6.517, 6.313, 6.262, 5.601, 6.135, 6.153
>sp|Q7TFA0|NS8A_CVHSA Protein non-structural 8a OS=Human SARS coronavirus GN=8a PE=3 SV=1,MKLLIVLTCISLCSCICTVVQRCASNKPHVLEDPCKVQH,4327.3,8.302, 8.024, 7.892, 8.126, 6.737, 7.995, 7.249, 8.024, 8.785, 0.846, 7.6, 7.892, 8.463, 7.995, 8.068, 6.737, 7.79, 7.855
>sp|Q7TFA1|NS7B_CVHSA Protein non-structural 7b OS=Human SARS coronavirus GN=7b PE=4 SV=1,MNELTLIDFYLCFLAFLLFLVLIMLIIFWFSLEIQDLEEPCTKV,5302.47,3.77, 3.783, 3.579, 3.554, 3.401, 3.478, 3.567, 3.439, 3.77, 0.299, 3.795, 3.452, 3.706, 3.478, 3.567, 3.452, 3.554, 3.584
>sp|Q7TLC7|Y14_CVHSA Uncharacterized protein 14 OS=Human SARS coronavirus GN=ORF14 PE=4 SV=1,MLPPCYNFLKEQHCQKASTQREAEAAVKPLLAPHHVVAVIQEIQLLAAVGEILLLEWLAEVVKLPSRYCC,7852.33,6.249, 6.737, 6.313, 6.751, 6.313, 6.338, 5.982, 6.313, 6.561, 3.363, 6.389, 6.3, 6.693, 6.313, 6.781, 6.237, 6.326, 6.412
>sp|Q80H93|NS8B_CVHSA Non-structural protein 8b OS=Human SARS coronavirus GN=8b PE=4 SV=1,MCLKILVRYNTRGNTYSTAWLCALGKVLPFHRWHTMVQTCTPNVTINCQDPAGGALIARCWYLHEGHQTAAFRDVLVVLNKRTN,9560.16,9.443, 9.224, 9.268, 9.428, 8.785, 9.472, 8.741, 9.472, 9.648, 4.202, 9.004, 9.326, 9.545, 9.487, 9.268, 8.829, 9.341, 9.268
